model,pr_auc,recall@1%,recall@0.5%,best_f1
hist_gradient_boosting,0.7379734724228855,0.8163265306122449,0.7959183673469388,0.8176795580110497
logistic_regression,0.7207707536488609,0.8469387755102041,0.8061224489795918,0.7885714285714286
amount_rule,0.0021439205853281,0.0306122448979591,0.010204081632653,0.0118811881188118
always_legit,0.0017204754130018,0.0,0.0,0.0034350409225538
