psi,bins,sample_size,amount_multiplier,ref_mean,ref_p95,new_mean,new_p95,status
0.004480272297074687,10,20000,3.0,0.0015749748320322181,0.0009802032745571602,0.0016053345507629267,0.0010134583935201102,stable
