model,brier_score,pr_auc
hgb_isotonic,0.0006082980225659121,0.7976191771986275
logreg_isotonic,0.0006213585093024489,0.7422347576318572
logreg_platt,0.0006724398809268543,0.731485460383897
hgb_platt,0.0008760410154096176,0.7814964792087448
hgb_raw,0.0009504145359534046,0.6266161034868543
logreg_raw,0.020795602021802407,0.7207707536488609
