model,pr_auc,recall@1%,recall@0.5%,best_f1,best_thr
logistic_regression,0.7207707536488609,0.8469387755102041,0.8061224489795918,0.7885714285714286,0.9999991491531873
