baseline,pr_auc,recall@1%,recall@0.5%,best_f1,best_thr
always_legit,0.0017204754130018785,0.0,0.0,0.0034350409225538483,0.0
amount_rule,0.0021439205853281164,0.030612244897959183,0.01020408163265306,0.011881188118811881,1218.89
