{
  "created_at": "2025-12-24T11:56:30.696848+00:00",
  "model_type": "HistGradientBoosting + Isotonic",
  "seed": 42,
  "test_size": 0.2,
  "hgb_params": {
    "max_iter": 300,
    "learning_rate": 0.05,
    "max_depth": 6,
    "min_samples_leaf": 50
  },
  "train_class_counts": {
    "neg": 227452,
    "pos": 394,
    "pos_weight": 577.2893401015228
  },
  "holdout_metrics": {
    "pr_auc": 0.7976191771986275,
    "brier_score": 0.0006082980225659121
  },
  "n_features": 29
}